-- phpMyAdmin SQL Dump
-- version 5.2.1
-- https://www.phpmyadmin.net/
--
-- Host: 127.0.0.1
-- Generation Time: May 29, 2025 at 10:45 AM
-- Server version: 10.4.32-MariaDB
-- PHP Version: 8.1.25

SET SQL_MODE = "NO_AUTO_VALUE_ON_ZERO";
START TRANSACTION;
SET time_zone = "+00:00";


/*!40101 SET @OLD_CHARACTER_SET_CLIENT=@@CHARACTER_SET_CLIENT */;
/*!40101 SET @OLD_CHARACTER_SET_RESULTS=@@CHARACTER_SET_RESULTS */;
/*!40101 SET @OLD_COLLATION_CONNECTION=@@COLLATION_CONNECTION */;
/*!40101 SET NAMES utf8mb4 */;

--
-- Database: `austro_asian_times`
-- Create the database if it doesn't exist
CREATE DATABASE IF NOT EXISTS austro_asian_times
  DEFAULT CHARACTER SET utf8mb4
  COLLATE utf8mb4_general_ci;

-- Use the newly created (or existing) database
USE austro_asian_times;

-- --------------------------------------------------------

--
-- Table structure for table `articles`
--

CREATE TABLE `articles` (
  `id` int(11) NOT NULL,
  `title` varchar(255) NOT NULL,
  `content` text NOT NULL,
  `author_id` int(11) DEFAULT NULL,
  `is_published` tinyint(1) DEFAULT 0,
  `allow_comments` tinyint(1) DEFAULT 1,
  `created_at` timestamp NOT NULL DEFAULT current_timestamp(),
  `updated_at` timestamp NOT NULL DEFAULT current_timestamp() ON UPDATE current_timestamp(),
  `image_data` longblob DEFAULT NULL,
  `tags_id` int(11) DEFAULT NULL
) ENGINE=InnoDB DEFAULT CHARSET=utf8mb4 COLLATE=utf8mb4_general_ci;

--
-- Dumping data for table `articles`
--

INSERT INTO `articles` 
(`id`, `title`, `content`, `author_id`, `is_published`, `allow_comments`, `created_at`, `updated_at`, `image_data`, `tag_id`) VALUES
(1, 'The Rise of AI Journalism', 'Exploring how AI is shaping the future of newsrooms.', 1, 1, 1, '2024-11-30 15:00:00', '2024-11-30 15:00:00', NULL, 3), 
(2, 'Climate Change and Southeast Asia', 'A detailed look into the environmental challenges in the region.', 2, 1, 0, '2024-12-01 19:30:00', '2024-12-02 13:00:00', NULL, 5), 
(3, 'Tech Startups to Watch in 2025', 'We round up the hottest new tech startups this year.', 1, 1, 1, '2024-12-03 14:15:00', '2024-12-04 16:45:00', NULL, 3), 
(4, 'Local Voices: Community Journalism', 'The importance of community-driven news in urban areas.', 3, 0, 1, '2024-12-05 03:30:00', '2025-05-29 08:15:58', 0xffd8ffe000104a46494600010101000000000000ffe1002e4578696600004d4d002a0000000800024000000300000001004a000040010001000000010000000000000000ffdb0043000a07070907060a0908090b0b0a0c0f19100f0e0e0f1e161712192420262523202322282d3930282a362b2223324432363b3d4040402630464b453e4a393f403dffdb0043010b0b0b0f0d0f1d10101d3d2923293d3d3d3d3d3d3d3d3d3d3d3d3d3d3d3d3d3d3d3d3d3d3d3d3d3d3d3d3d3d3d3d3d3d3d3d3d3d3d3d3d3d3d3d3d3d3d3d3d3dffc0001108015501da03012200021101031101ffc4001f0000010501010101010100000000000000000102030405060708090a0bffc400b5100002010303020403050504040000017d01020300041105122131410613516107227114328191a1082342b1c11552d1f02433627282090a161718191a25262728292a3435363738393a434445464748494a535455565758595a636465666768696a737475767778797a838485868788898a92939495969798999aa2a3a4a5a6a7a8a9aab2b3b4b5b6b7b8b9bac2c3c4c5c6c7c8c9cad2d3d4d5d6d7d8d9dae1e2e3e4e5e6e7e8e9eaf1f2f3f4f5f6f7f8f9faffc4001f0100030101010101010101010000000000000102030405060708090a0bffc400b51100020102040403040705040400010277000102031104052131061241510761711322328108144291a1b1c109233352f0156272d10a162434e125f11718191a262728292a35363738393a434445464748494a535455565758595a636465666768696a737475767778797a82838485868788898a92939495969798999aa2a3a4a5a6a7a8a9aab2b3b4b5b6b7b8b9bac2c3c4c5c6c7c8c9cad2d3d4d5d6d7d8d9dae2e3e4e5e6e7e8e9eaf2f3f4f5f6f7f8f9faffda000c03010002110311003f00e3deca47903487a0c60529b34e9b8d58bef350065fbbdcd65bcad9c92722b4b2173365e8ed5e23b93e7f51d29cf70d1fde85bdf9a8ad6e64423bae79cd6e4b6a9359895707228f669ea3f68d1956d7114d2043ba291b856356ecae6ee19a686e3019781c7507bfe3599345b083d08390476ad2494c922bb7de31804fad6152291d14e6e4b53b194b1d36dffd919a95253807daa2241d36dfd718a788c8001ec315bd3f851cf53e2636e2e580e0f3f4ac58af25bcd4c878ca7979009ef5ab2c6cf8c038cf5aaf15b04d41063a834f5b896c3f631a3ecec7b9ad08edfbe0e2ac0b71b7a559173cdee1fcaba941fe12455037239eb5a9abc623d4eed3d1ce2b9ee449804f5ac66aecd60f43a1b8958e94be8d1f4fc6a0b2244127d2a6993fe24e8dfdd8f18fc6a1b4ff005127d29bd05d4a43effe353026a01d7f1a9474a918c96a2a925a8e801c0d38139a60a70a00764d771e1bca69e4fa8ae1d7b5773a1fc9a51fa50233f5f27eca3eb9ae7b5527ec6bf515bfaf1ff4603deb9dd57fe3d93ea2802fe959fecd7f735bf7b233de29639cc687a63f86b034dff906b7d6b66f9184903e7968909fcab396e5c4b510528771249f4aa928284ec233db34eb6994121f3f854b208a4e4633f5a5b8d8cd3b537d3a7122f739652320d773657f1df4025858153fa579ccbb0123a9ab3a3ea72d8de2e1bf74fc3293d3dfe946c26ae7a26f3eb4e2fef5cfcde27b6b793cb915838eaa066b3e6f18c51cc76f2a391918cd3449d619318e7af4a3ccf7af3bbdf18cb248a50155518041f7a825f1cdce084001c922aacc0f4bf37de8f30fad79a5bf8dee2212161bb70f941ed5661f1d3c566032869738ce7a7ffaf9a2c07a17987d69aee42139ed5c5c3e368de305d4efea71df3fe15a23c556d2861cfca303dc9ff0feb52c0e4fc5b2179c7fbc4d67f87919f588987dd43b98fa01dcfb568ea30ff69dc96f3162893e69257e028fea7dbbd5496e614436d60bb60cfccc79693ddbdbdbb555f4b025766cdeeb91c134c6cff792c8d82c4600acadef339690e49ebc62a04c01900927ad5b8a3e09f5a8b58b1718e95bbe119185fc883a15cd6211806ba1f074599ee26feea85fcfff00d5403d8eaf268dc6928aab102e4d1bcfad2536801fb8d26e3eb4da2980bbcd1bcd2514805c9a379f5a6d1400b93464d349a4cd2b80a5cd49b9aa1cd499a40796c5e63d9482e3823a678ac5940f3315d1cd6b757b192a9b231d49e2b2a6d2258e4c02189e6bada64234340d245f9192022f249ad0d49ed2c41b68260cd9e467351786a29889a12186460e3b5529b4d8629cb23960dc804f4aa4ac84f5667dccaa7201cf356ade41bc0ff6462a2bdd325401b6e50f422a2b64749943e7d066b9ea27b9bd2693b1e85651996d6df23e55193569d30868d2501b08fd76d589a3e17eb5ad25eea32a8fde65648cec00fa735018bfd3e31dc838ad3d950436ed2eab08038e724553b2576424dbb23a0b0b358b4d649a304bf2188e953cb669f600a506fcfdeab1f6858a1084648154ee6f8118c71f5ac5d68add9baa2df43c8bc4f0f93e22be41d01cf1ee2b98c7ef0575de28c4be27bb2011b914f3f4ae59e3d8ff008d26eeae81269d99b331ff0089211fec8fe755ad7fd43fd2ac4c7fe24c47fb03f9d57b5ff50ff4a72e8475290ea7eb528e95181cfe352f6a432296a1152c94cc50028a727dea12367e953adbb14381cd00460648fad771a57c9a563dab8d8addde4000efcd7656181a6edee0631408cad78feed0573daa9fdc20f7adfd73ee2d73faaffab8c7bd006969dc699c7735d0dfa7fa158485402d0819f5c1ae7ac78d307b9aeb752b727c2f6937fcf2183ef9ace45c7739b98b238653ef57ed88b88c1e723a903159c9994edc8cd19b9b13b816c77503ad245334664033901b238c8e6b22e86012376f539cfa55837de60123ee57c7738155ae6451f3f0491ce3bd508b1f6c4bdd3cab7faf8002ac7a95cf4f7c5635e39dc08efd7156ac6658b508e6206c27695faf5a351b716d3943f346dcab0a484ccc977719cf4cd45cd5ed85005ea18f06a296123e6cfd6aee4d8adcd28079f6a984246370e0f4a5d992154718e4fad1701d6efb01cfaf15a3665ae095fb9120dd239e368ff1aa91c45caa272cc70053ef6e56da3fb2467e553991bfbedfe02a58d12dd5e8bc221b6565b753c29eadee7dea38c143c01ef55217e739c31f4abb09123804807df9a0689932e781f80ab7e62a27cd9cfa0aa7309e1195036fa8e6a189de523713f8d263348481d7a75e95d9f85adcc3a3872306562df5ed5c65ac2d34c9128e49c7d2bd221896de08e251f2a2851496e0f61f451455901451450014514948028a2909a5700cd25251400134945140086a5a8aa5a4078cff006dea07e5f3c9078c63ad365bebd8c8f309524646475aa5920e47047434b2cd2cc4191cb6d1819ed5b5df71d9762f5bebd7b6a4b42ea0918391d6a27d5ee5dcb120b1fc2a8e69334eefb8591d7cbab2cba4da48854c8c0891324edc7f53cd51fb49b99e3628176f1c77aca9239adec229b20c5231518e32455bb090ca549ec714a6ee874d599ea5a4c8a9a6c6cc71c726acc8eb247b94e42f271dab9e8f5216f1dbc0e488d9727bd59b7d5638c9c65a33c119c035a537eea22a27766b3caa7ee9cfd2afe90aa4976e187435ce36b10a6a121080291c0539c574da2c897167e62f73de954d5590e92b3bb2f091248dd89c1158f79702b553cc00868c18ce7e6f4ae7b527f2e4207426bc9af5527cbd4efa6d7538df11c8a9ae4b2b63698066b947b8473c7735d178a49fb631f58715c8f4aefa77e457396a3f7db474571c6998f58c1fd6a1b5ff008f693e9572500f86a37c0ce00cfe3556cc0f25bf235acba1894d0127f1a9844c7a0356e3b78c64771d6a510e017e028eb523281b57e0e0e33835612ce318ddf7b39e475a9cdc003083249e78aaaf3072016c734087ed58f381838e29c645183819039aaf24878cf217a5412c9bd491d7a500698b95e5971923f2ab967a810086e06726b9d8e661c76ab31ccc060f34c46beace24c0078c64560ea7d13eb56ccc484c9fbbc0a64b1adc601ec78a405bb3e34a4f735e83f664b9f0a9b793eeb45d7d08e41fc0d701127976b1c7dc1aef279766871c61b05a3cf1f4acd948e266b78a1381321957ae0f4356ace6b9983233a4a54750c062b29ece5373fbb0df31c9603a56c436515b26ff003b0719048c549a104b0e720ab0ef8619cfd2a85d43e5a056fe23c606735a12ea498922424e0720ae3154e5b9608a4a295270c33fe79a77119a6ddf276a93cf5e9524a4636c8ff707009cd473174763133633ce3bd56973cb4c496279e7ad3132c5bdc13213f284404038ce49ff000aaf216719ce09e0034fb7dce878daaab8048a8dc38f9b6e79f5a68459b7951d0a48320773daa22e0cc628c2a8071bb3d68b741147b9b0413c81ce6a9bee49f729ce4f6a0468c7335912db3e623018ff004acf72d2393dc9ab02f1a4063619ec2a28c2bc9b572c4f4140c9214182c4f39e95661dae7956ebc30e29914422c1e092324919c5598916420190961d074c50344c2e360c0c9ec7350f98dbc9da00f6a4b9431e0e4e3a75eb5125ca0386ddf9503474de11896e358c31fbabbcafae3ffaf8aef2b8cf01dab1babebb607002c4befdcff4aecea44f5614514551214514530128a290d20138a4a28a900a4a28a0028a29280034fcd4669f8a00f1136d28fe034cfb3cbfdc6fcaba636b8270c298616f6ad2e69ca73661907050d2794ffdd6fcaba47b70475e699f653d80fca8b872986527920116cf914e41c7357b4c8da3e1c1073deb53ec4e9086c0c671d2a7b6b691c0f906077c526ee812b3b926a579f6336b288fcd455c3283826b4f4ed6340ba431cf1cf6e5f8f9949fd4555b8b3697cb0003918e6acdb68782199914af35707644cf5655d5ed6386f15b4db8f3626196ef8aec3c277c24b31113fbc51c8c62b9b9accc736d8c86045753e1ab7d96a372a8653c91deaf4d6e249df4367eda5032606318ae67569417272319e4e7a5749f20567081f69c91eb5c56a3646e5ee2465f28b3642835855c2d3a9ef49d9a1c2a4d3b257394f11c99ba97d02707d6b983cd74daad8fd9a7d9f332b2e4135946d54ff055a492490e576db66b8fde786235c6771c0c7d6a08d1a28c80391d6a689c47a6471118c1e33dea2dfbdf38c2e3200a1bb903e22403b863be29ef23491909f700c904f5a8e49400588ea31cd56f382277241c0e6900af2793820e1c1c914d7c5c49bc704f503bd40e4f19ea0e2a4538e50f1d78a000eee403d4d46e31903d69439c9c0fae7a5380ce0629888760a3ccc714afc038f5c531c0c9c1e9d2801de6e72075ed47da1877aaa49068c93408d3b7be20a86e403d2b6ef35b912cc87dc5b680a3b015cf69d64d73323606c07924e3156e53f69bd09926253dea245a3474ebd7b78cdcb96d8e33822a19b512e37bab4a49c1543818f5fad42f2f99380c5920519c819069234584830b09118e770f4a8b143cdd29b612c7bb05b6f2338fad36e0b3a64c8a9d867a1a924923b570df7777452b9cfd6a37b98ee237678b080e1901071ee29808633243c200d1fdf03b8ff3fceaa9b6692db73f0990793c9ab509fb1e1f9785b825860afb520952498dbbf3b41da07e9fa1a00a514bf699c44a36000b608e9ffeba68e5c73b6453904f15a5a8daadb48b79082bb2350571d7b543142b36ac4141b33bb6b71c11fce98ac41711f0c5cec2c327d8d6694224f973c7e35a77d6ccf2182d8b48573807a802923d384308959f92a09cf6345c467c8870581c64e314e9227b51b4fcb2b0cb7b0f4fa9abb13c7f692ec3e5539031fe79a8a4c4c5e5646dccd9209cd1702149651b14b703a7b54c1d40f94927a6e3da90c25fe645e831f4a88e53e52187b531a2f452c4ff007b24e703350496ff00bf019c633927d2a0eb8dbc05e79344923e071c67ad0173d47c2e1534f508300f2702b72b9af07c87ec67749bcb004283d2ba5a910514514d0828a28a60252d252669360368a28a402514525001451450014ecd30d3f8f6a00f39474cf514f94a20186073559eddf9381f81a8f041e4d59b170042339a4214743fad411a34a702831b671c8a2c2b9ac61ff428d8b66366e3eb4c85c43901b86e39aa892e2108cc4853903d29dbc395c76a1e8816e6fc512ba46dd48e956521048155ec79840356f3b3041ab86c449ea28b51e71cfa56a69c8d18211b1cd666f25f7679ad0b07f9f1ea69b574117665c795d1081dfae3bd625e9639e3a75adbea9274271c573b7970416cf553c8ac2a526d5d33a29d549d8c0d781260247f78562118ad8d6e532c683fba49ac305b383db9a74d34acc8ad24e43ddcbe106481d0535e521076207618a42e02124e0e7b77aacf30298cf238ab3062bcc5c15ea33903d29a0f704673839aaa5daa68e4c919a0094fa5221209c719a6e7793eb9e29464fd7f9d004a1c1215b183dc0e94c2f8c807381c1152271956ee3bf6a8ca654fae2802324e31ef9a00ef4fc2803233834a837e47e14c081e30fd3bd4915ab3e3238f7ab49104192338e6a54d9bd476ef45ec05cb587ecf6a5063738c6319a8dcac69b101f427d6a69a40412a3b6062a939ced07391d6b26ee5a5607db143bd89201c301da9f6c500756439c65549ed4c2e52321802c39008e0d167314704a0098c000f4a401f6789c192356dee72141dd8ff00eb54525b496ee19d422b1c3027767fc2b51eead4044695b7f5214f4fe8292392d90e05cc6a8c38677c9fd78fc6980926d16492b1f311d4aba8eabe954b49b759b53524e42924e456dc96d15cc014f4c7cb22f3cd67e8f1fd9ee660d9564190d8ebda93608bdadc891d94919182a48247f12fff005eb0deea33789327cf9870703be3f98ad6bf71730081dbe561f37b7ffaeb9e81cdb491f9670cac70719cff009e94d032f693bae6f24b98db0eb8c03df3c1abb7b09367b0fdfcf515534a0b1c9334646dceedbe95a370845a93fdd1939ed436073716448077dddfb54d2bac7180982549cfbd1670b5c5d1014b73927d2adcd6a64dc00fbbc9c60e7eb4d0ac6602c4ee04e4fa538fce9823e61c93d6ad084ed04139cf40318a6cb004427907be79cd30b1504592543e38ea6a48a16941881c9f5a68c75eb83c5588cf96432f51ce695c2c755e0a97ece4c2d80d9e726bb907806bceb4e9079c970147cbf7b07a569cbf102dad7e4682462bc7183496a27a1d9515c4ff00c2cbb3ff009f69ff00214bff000b2ec7bdbcff0090a76623b4a6f4ae387c49d3fbc13ffdf34eff008591a61eb14e3fe0345981d7668cd725ff000b174afee4ff00f7c52ffc2c4d23d27ffbe2972b03abcd19ae57fe1626883863723e91669e3e226827ac9703fed89a2cc0e9a8ae6c7c40d00ffcbc4e3eb01a70f1f6807fe5ee41f584d16607459a426b0078e3413d2f1bf18c8a5ff84d7413ff002fc07d50d16606e134ecd60ffc265a0e48fb7ae7fdc347fc26fe1fff009fd3ff007eda9d981ce9b69c670ac6a03637279da6ba67439349b7d856962ae60456b3c673823d78ab0f1b38e539fa56be07a0a5c0f414582e601b56f434e8ede418f94d6f7963d07e54e11af7514357052b156de531c601e31d6acf9c1c706a611a7f747e22944683f8463e94d68ac26ee442e30bd6b534ab98864b30c8f53547647fdd147971ff0070537712691bc8f13a391201c7ad73d7a88ee791c9e6a4d91ff77f5a8de38bfba3f3acda6fa96a497430f55854405876358647273d8d7537f1c7f673851c1cfad7317ae10938edc014256149dddca571229254745380d55dc2907d4724fad29f9c9c93487210e7a3719f4a64910c739fc28423f1a6f5240e99e29e0103dfda80261cf7e8335615c7180381838aaa83e5a9a218049fc3de80247918804938e83daa343bcf27f2ef5612359065bf8460738cd33cb50e700f1da8003183191ce73c53e30a8067af7a1323e6e8073cf7a6b92c703a673400e7919f3c81daa7b71b212c4672700f7aa9c8c9cf4e99ab09b4c69d8e72707ad27b0d13c921031c671f95471f1824a9e3926a32e5e4da7a0e09a49ae56de3217693f9d6658db8baf28723736781d714b656b777d32fca563279ed556d81bbba50412a4e4e6bb6d30db44ea9bd3d368ce4d02dce2afb6c77b728b9c458500d679da73bb9ae87c5960d65ab4971b7fd1eeb04301f75bd0d73ae36120f1f5ad23b10c5b7beb9b370f6f2b2e0e4ae720d76da65d26ab67e60502553861e86b878e2f364c0e1072cde95d3f85498f5078c8c171b88cf4ff22a6690e2d89a896493604da49e7dea84898d8dc021c8dbed5d07882154b9181f3119e2b1de0e0646e279cfa5422d8d4221704646460e0f5ad2b68a4bc8f612db71827d6aa476a669923c63710302b6b5b7fec9d24a5be165906d53e9ea69eec5b181737f67a46eb7b7469a61d71d01f7359e356bb97ccfde410aaa96dbd33ec3d49aa33218e6607f8b9e7be6a12a6b4495886d97a2d56e39f981c1ce0d5bb895a4405c007d47159302707fbcc4281eb5d24b663ecd1ab0f9b6e293d0a4ee652264803d6b45e1f2c2bed3f376359534525b4c7a8f4ab30dd314c16c81d41e69319ada6c9e5cc46e2158fddf5ac8d6ad4437ae074272307a55cb2901b98f77507208a6788c2fdb414c11b792288ee2662e293029f45686637149b07a52d140c69028c5388a2800da3da9360f414e149400607a0a6ec1e829d41071400dc62938f414b834845021524311dca149c63919a6e7d87e54d93b5379aab13267ae1c64d3702adc9a7499e187e34cfb04beab526857d83d6809531b19bb52a595c8fe0cd02198a70152fd8a6c64a303513dbca09e48fc2801e28c55721d08f98d1bdbfbd4d3026231cd1bcd445d87fb42a33338e88451702c13503bfbd406e2439e94c333fb52194f52b86c9894f6c935cddf3904f39ae92f516542cdc301d4572f7443c84fa50c0afbce0e738634c67c9c7f0f514b21032be878a6807d393eb480075a96304927f0a74483040efc62a548fa1ed8c1a0023881c67838cfd6a420796704601e9d6940f3324a8f418a4936a60823ae08a006648e9d0d4d1c63cbf31cf5351a01d4e49ebc7614e9a5127cab8db9e001d29010cb2077381c0e052f9a420c1e7ebd29a7041e31db351a60cc793b4722802612b17456c32e7906aefeeced7d857b100e7359a1f330ed8ab681cc7b8723fba0e6a5948b4215798ae0e0f238eb520d2226218af1dc1a74413ecf1be586de0e4d6d0daf0823a119c9e2a1bb1691826d4dae7cb5c123b77a12f1810c1d95b18041ad49a488120e73e82a93da8701a3dac9e83f8695c2c59875686e6d7ecba8c46584f049eb47fc212b7508934cbe1e537223914301f9d65ec6f43d703353d96a171a7481d188e79c9a776856b95afbc2fa958a6f67578d7905060549e118ca6b67737254e49ae82e7c46b796055906f3c6e27ad71b1cb2457e648c95662412381cd55ee82d63afd4b17174edd428c0c56598f0e304f3dbd2a4b7b8de80337238a9762e771f4c56771d89ac1163ba8a46e99c127b56778d6e5daf618a327318dd525c5c7968d83d3a5619ba6bdd403dc1ced201f7154b713454e64f9678246c0cab2755ff00114a9633c84086dee1fd8aedcd7756d258dbdb2b1d9d3a1ef597a8f88496296f12a81c0607a55f313ca66e9da30b63f69be2a08e5630738a9e6bf12380a3e5071cd674b712cc72ee4d3402f8dbcd26ee35a0b73fe904e39c75aa60346fd09f5ad5b784a0e78ef8f5a7bdb83ce0668b815ac9c99d4007afa74a353df2ce4b3054ec4d68e9d6e0c8e790147040cd66de452bc84ec7619e0e2aa289650700676e7ea7bd37153fd9a53ff2c9ff002a0c320c031b0fa8ab20829054de437f71bf2a044dd7637e028022228c54a636fee37e547d9e4e3f77273d320d0046077ed4629f8642418dbdf22808ce4048e463e8149a008f18a520f152491ca992d0caa3be508a80dc2f4e9f5e2801c0734871cd304cbfde5fcea48ff7c76a00cc7b0e6802071d29302ba1b1f066afa941e6c11441738daef8356ffe15deb5ff003ef1ff00dfcaab9363d41c8c9fdda8a40547f02d4cf1e09e47e740873cee5fcea4b103a9fe05a76233fc454d3c5af1d47e1cd3b6469d51b340111b7df8c3e7eb4c36ad9e99a9ccb8e8a00a43231ee47d2802b1b53fddfce93ec21f3fbb07f0ab1c9ea4fe74a091d09a00adfd94bde3514a34cb703e71f866ad89187bfd69e2453c141f8520334e9b69ff003cf355e4d1ed9f3b5769fceb6c468ffc2c294db7f74fe62803999b408843236e6c8524719af36bcf9279338c82473c57b4cb6e4c6c37a8c8eb9c578bead118b50b88c1042b919049cfe268033f19c93f5cd3d109e48c8239f6a0f08013dfa53e343918ce48e0503268e3380a3ef1e8beb5291b005183bbb8a44046791f2e3200e948e5647dc5b9ea31de90048366327040e31ce6aae72fd7afad3a493fc2991f2f9ce0d0058de46338eb8c0e71518fbfc9249ec29c5004209dc7d476a6a1d80927e63400c95c1e01e7bd24636727afa1a613924fe5411d09392467af4a0078c9915bb67bd5cb6976bb2b00107f10e39aa1c80091ce6ad0c6f638ea3b8a452346c658d84917041e573c9357612c83cb2182af4cf158b669870c03310720a8e95d34318b988138dc391ce08acda2d3280b7f324249ce7b64f156e3b18faaab072304e7ad1259ce87010b13c807bd5bb549c6035b4833e8b51a9464dd46f6dd632d838eb548472cb9f5072001d6baf9ec6492125a26e07522b9fb98d232231b5173d7279a6988a9b1801c1e4f2a05674d1bc5203b71b8e4b1edff00d7ae81e586ce18f6a19198e30bce3ffad506a360d259b4e55c85f9881ce69dc2c416285f0c5b826b52500467af2302b02daf56df1b0163d73e95a2fabc6530f95247a66934c77450bf2d1e707359f0c6490f8c1cd5e993edd2288d8b2b1e303a55d86d9224114d8c93819e29ad097a942477910063c0aafc720f15af258ec279041a6fd87ccfbab93ea69a119c9129c673ef53a7eeba46c7dc0ce2b5a2d3a28802c0b3fa7614b228c1040c7b5170b1902e573f3020fb8c558fb4294e3078a4b8b653938aae83120c82141a101d2f86ed55e64f30314739200cd76a9a659e0008a463b8ae4fc2f1996f02248a1d470a4e09aee7ca08064f3df15ac76337b957fb22d8e02c49cfb534e8111eb0467ea2b421758ce49fd2a692e54ae148e68119f6fa2da21f9e08ba7a0a925d2ac913e4823047a28a90a13c86fd6936376cfe74014bec5003916f1ffdf34925ac527de813fef9ab9f3a76fcc52798ddd47e54014c59daf46810ff00c0453bec365da20a7d85592ca7ac6bef838a1111c85dac33df34ee0563616a73f77f1151ff00625b4bd2284fd545699b35009dcdc7b542856339cb0c1f4a571148786ad7237da5bb2e72414156d345d3110f97676ca71d42818ab26ea3208e4646391558a2f6917f1e28195d216b727cb4dbd815153efb8f56fca97ca7fe1753f46a9fca9fdff3a045527934da94c7f37df5fce9c96c4ffcb45fc0d50c8d0b762454a92480f52dec79a93ecfe5f62dfa51e7347c7958a403b2cff7a2fd28f254f382bf534c370c7a607eb5112c4e4927eb401298d07f18cf7a0247fdfa868a00b2b145fdf07db352e0272aa09aa54a1d87426802d1924ec98355ddd8939269e973274ebf5a903b3f58f3f8500543c63f9fa579478a6d7ecdaddc2ed640e770dcdb8b7bfe35ec7f6757eaa57e86bcf3e24d8a5b4f6b2a36e7914eeff640e07e7fd2803857c614119f6353c400e73838c73cd4441383dc559441fbb5c77e7da90c74988e303e5539f5ff003c1aad2394031919eb53dc11f2a81c2ff17ad5395cefc668018e79a92119cf3c7522a223e7233c76353c398c6e0412783400f72db0f23dc54723feef000c753c53dc613920963db9a6c9f7003c7738a480890093b81f5a7e149c727d876a51c0ee491c1f4a8d3a3649ce720fad30240558edda7d8939a905c37979c80cbd4818a8d3f84f7340c23b03d1b81498d0a246de0bb36dea706b534ebc484ed2c02b1ef5940640c81ec2a5851c9fbb8ee18f02934523a931890023683d7eb4013a636b9503a0eb59da65e476e44775382d8276a8ce3f3e95bb6eeb791abdac6a8a7f89f9350d149966c24927f95d15b039603028bdb5b5f2479f0aa95391b467148627de0348f215e76f61f87ffaaac99811803e72781d71fe7fc9a9b0ce5e6b1b526436f3bdbb1604b3023fc8ad9d2235910c725ca4c0f180318a9258492432c6f9393c77a9ed9163c7ee9738e5a95c7d0e7fc41e1b16d19beb3463b3e6751dc56269313eb7742144654539761d87f89af419ae55216590aec604107bd67e891c365148b6ea996392deb56881b1e950d9424408abeddcd63de47785c62d576eec1c9cf1eb5d55c6d963f9d1b07838e7159135aa23fcad2600c0209e2a5ee3465c561a83924ba1cb700f18ad1b6b65849f3b208f439a7c36c22185dc4672413d6a594af96484ca8e0907a508194af1c7f049b41f5522a8b5bbf51710b03d83ff008d5d90920147383d01e73f8d543e6027ce854a93c3018fe55560b8c367281b98103db9aa121287e6f940f5e2ac5d5d221d90c8ca71c9eb559ee242007c32e796439c7e154912d9d67834e6e99fe5231ca9fe62bb8c873d6b85f08c8bf69f2f86dc3e560b8cfd7d2bb81130ed56b6219288f3ce56831376e7f1a66c6f4349c8f5a04051bb8346581ef4b96f5353451efce4f4a0087cd6f5a512b77c1fc2ad3c4b8c851555df07eea8fc2802c246ae012abcfb524bb22c111a9f7ce2a2170c3d3f2a6bcbbfef0fd68024fb51fee8fcea1729212c77027d0503677dc2976a1e927e631400dd919e8e47d5690c39e8ea7f1c53bc93d994fd0d34c2e3f84d0030dbc9d973f439a7fd9e6fee35370c3b11526f6f56a008c9e4d28a30326940aa01c2561fc46a6175c6193f11518858ff00f5ea610a819639fa5201be644fd57f4c534c4a4fcadf81a7ef893a0e7df9a63dcf5da003eb4803ecedea297eccdea2a132b139cd2798debfad032c0b563d1853c5af4cb73ec2aa89587427f3a78b96c6326802cfeee36230323da91ee87f0afe74c8ee0ff173f853f7c47b0fca80217959fbf1ed5ca78fe1dfa1a3a8191280cc7b8e7f4aec0c28fc838fa5735e3e4f27c2f2b1209691157f3ff0cd1703cb867205584c6f391b863040e3fc9a8221fbc079c8e40ab12131be4e07cbd7afe5ef401564e5c9cfd73559c1f33f5fa54e08cb03939e950c9feb00fd690c8f9cd5a41c0071ea4d561dc7bd584ed963c7a734310f95cf963b83cd571ce06383d6a6948d84018c74f7aac5f18233c5004c328483f4cd030136f5cf3c76a03ae0819c633cd1181b0f3cf524f6a007608453cf5e94d9033bfcbd47352471348404c9c9e4fa54e648b6040858a804923afd7fc282922103e50e4ae08e588e3f01de960325c3b18f2028fbcffe78fc2840325a424a138c0ea69c44d9ddf2a5b03f4ff27de81a24548c0255417e86461903e83b9fad4f6fa85c453e3cc65c0c91fc58f7f41ec2a14b812b858f031fc678c7f87f5a826707115b03c9c963fc5ee7daa6c173afd335b5980859572c37055ed8ff003d4d6c611f054f2792c0d70163731dbba8525d8b00d213f7bd7f0ae9adefc0c229dc808258739a1aec099b436a0da00c03d7d6828ae3835524983f0a4726a58c9000f415161dc826b169339391ef50c764d0f3192a7d8d689938a61718fad161dc8924947de391de91fad293ce298ff7a80229222d9193ec6a030b64ee7649074707047d7d6ac1381d79aad2dd29ca9237a8e3de9a42b914a44209b92ab213c3a8e0fd40fe958f7fa8cb1388cb795b86558728e2a5bcbc578ceec633ca9eff00fd7ac6791d0b6409207eaafd3ffac7dc55242b926c573971b19bf881ca9ff0a6f96e92056e32720839069d1958e0630e5e2ee879dbfe7d6a4b18f24ba3f1d4c4e739aa24e9bc2f7222bf194cb30c641c577f1c8c71c9af3ad04797aac6c18ed638da79c57a346880025a9a1324123fad5a48f2016c557062183926a71711e31ba81092858d09005537b99d1f281706ad49ba5e8c3e9501b77f4cfd2818a979211f381f852131b9cf229be53775349b08ed408902447f8f07dc53bece4fdd656fa1c5404673d7f0a01d838c9a0090dbc83f80fe1cd30823a823ea2904ac304330fc69ff006a6fef03f519a008e9c0b0e848fc6a48e432b81b14e7af1d2ac8890f5514014c48e3abb63bd4ff006a6fee2d24c163200407d72697cc5ff9e23f3a0050f6d93f291f519a7a3c27852b9aa649c9cd2714c0bae1f9dac3f2aaf24731eb93f4a6895938078f7e6a64b95c0041cf7a00a85f670c483ef499abe1d1c7254fd69a6d50e486c67f1a4329734607bd5836ac0f183fa537ecd267a0fce8022a5a97ecb27a0fce9e2d5bd8500420d390313c64d584b503927352fc91f520668022485c824f1e83d6b9cf1f424f86c1da095990e49e9dbffad5d33dc2e3e539f5ae4bc7c6697448c213b44c1980ef8fe82803cda2c99c673c1c6454c4e1d8b2f51c73d2a10489b23f88e41a92424be7ae4738e29015b0413c6403d3ad47291e66483d33cd4800de7934d98aef071ce3eb4202118c8fad58400900e3ad418c9cf15365893c718ce476a180d9b87619cfa1c6335046e0eff53d2ac9008c9cf4c75aaf20119fad080507299f4e2a58f91d339e3eb50a03200abd4f353c1b901e79230063a5004b149e5868d724039247393fe029d1feef32cebf2b7017d7ff00ac2a3b68ca39c92157938e73ff00d7ab46e3cefbf81ce550f38a0a431221704b33858f3cb0ed4fcb5ce203808a3e55eca3d7eb49206f2ce39ddf3103b0a607f2f803e63c907a9a9b8c826dd1fc88a4c6381ef4f2eb8f2f78dcdc3b0efedf4abe0472c1bb69563c67d2b2ef2cde13951943d08a698324921053119e953d9deb5ac2c8724b10464f4acc17cd13818e3a1cf6ab3e744708072467775a62b9bf65a933ed248e4d7410cbe62022b8bb3cc2e1bf119ae86df5789106ee3daa1a19b3d78a0c791d6a85beb16e41de76b03fa55e1731b8cab023d8d2b015a6dd1c8ae3b70413d69925ca8a2ea41cf3d4645615c5ff00ca7d4120d3b016af6f5901d8d9fa76ac796e9e5e4b61c7423bd45737a79e7071d0f7aac2e10f7e7f9535a05cb2e5a52371e0f38f4a8259162e080c0f045324b950301867b5568d1a59300127b9154226432070d01239e08ed5a76e8b707308092a9cba0e33ee3dbdbb5471a2c1181b4648e94fb6dc930719dca7208e31408dcd26da592f63f2c8dea739e98af438f8400f5f5ae33c376ad73a92dcb7faa1c7c9dabbc8e28c81f38a1088696a736de8c0d446194123671ea298866714bbd87463f9d05183720d3681920b89077cfd6a4fb403f7901aaf4502272f01ea194fb537cb89feeca33ef50e297028024fb29ecca7db347d8d8f65a5b7099f98907b738abd8e940cab1dab4641dd8f615640a86e24913eef0bea2ab19643fc6df9d0059b90bb09c12474c0aaf93fe451f69907561f88a97ed8dfec7e5408aa7393d7f2a30d4e3bb2724d392367c003ad3023c352a47239e14d5a4b6c105883ed8a932a9d7814ae0422d8f04b63d40e69e885392c4fe94c92e941c2807ea6ab3cccf9ce40fca81975ee147ff5aa2378dd947e755320f427f3a64b2b4432b1bc9cf44edf9d022e7da9fd17f9d02e9fb91f9556425d01c1524743da9c338e79a065b4ba6ee462a4f3964ebfad51c8e831f41464d005ef2e271d07e154b55d316f34f9a2192cca40079cd2091c7435325cb80338e2803c56585a1b82b26e42ad8231c8a7c84ec0e40dd8eb5d4f8c74c51a934f1a90b30dccd8e86b9978b109538c8e4127a521a2a75c938ce324d4528c80714e77c3e47e59a491f38dbf8fb500c83072297a63ae0d29eb9e69c73c30ea391408720e4e4f4a8ae80c020e71dea6e4f3d33d6a1b9c6c1ea073ef496e32289f19f53c55d085c02bf7ba015999e6acf98db02e4e4f4c718154c4587631c9853903a91de9e0897041c3019db8aaee766369e7d29f1ccc1c6e1d4e4f6cd22917079a8e5c95200c102963d92beec6187273de988f1a02d1753c9f7a5478c81bc153ddba66a58d124123098ef079e00a9dc344082bbe36e99ed4460feecbaee2c70a476aba42870b95e07ad2030e4d296ea3325b9c9c9ca9ea2a9c761302c003b97922b7de130ccb3c07907381d0d5890c5701b1fbb988e4d1cc16399f3e58ba93d30335605e82832391ea3ad6b496715d49e4c89b651d08e86aacda1c91e481c03c7bd3ba0b15a3bede9861860b8fad6a59df325b12bf794722b224b1962238ebc0ab50a4a5000851d461b3de8ba0b162eafe79231229c327040ef59535cbca0903a9c9c56a7d8e48c977c05c65bdc539edede20e07cdbb9045170301c3103713c74aaee48e83f2ada8ec2599ce46067ad5b1a6db5b8cb8dc71cd170b1cfc36b2ca73b4e3d6b5ecad84718620f5c66ae471af1b1404a2e0ae02af03d4517b8ad62abeddc73532441f1b5c023f0aaec87eb5a5a069cfa8ea090e4edea5b19c534819d8f85ec96dad848092cfcb646315d1555b2b16b28047d4018ce3156aa891c1c8e84d385c38ef9a8f140a04581740f550690c9113f3260fb557ce38a28027d913f46c7d452fd9f20ec604d403a8c9e2af44811001f8d0057fb2c9fecfe747d99ffd91f8d5c24e0e3ae3bd67c8ec49ce41cf3da80254846465d73ec6ad8edce6b2f34090e78c8239cd032edc6e705421c7ad54208ea2944d20fe23edcd02e1ce7701ed400c34fe3da9df6807aa0a93cd4ff9e6bf950227d8873b40c7e748e180f93683f4eb548be09c123f1a5495b3cb1a0639dee49219481db6f35092fd09393d8d5c8ee14ff1006a41b5c67ad0067143d8e0fb8cd0467a919abef0a3f623e871513da9ec41fad0055e9ffd614995a91d0a673dbdaa9cd74b1e463140131754ef8e7351c97b146393dfa0acc96f59ce3923daa2f319cf4fc73401a27524fe15ebf85385e4ae7e58f8a86da357ea3f3abe9128c1c11400e88b11f30c1a99137f18eb44716f3c63deada44a9d073eb40187e23d35a6d1e63b492a372e0679af369a364073d49e7bd7b15d2b3dacaab9cb2902bcaae2305d971f32920d26ec3473d70850fae0f1518208ced20d69dcc21c15f4f4acd71e592a7a0a571b2204e71eb4f0474c54726472051bc1c63f1a649633919a8260027f2a547e403d29f2a718f6c8a5d40cfab5148d285400703ef7a543e5e640bea71536c111ef9ce38aa0268e36df900311d3356238b9fdfed507f871d2a28e491c6d846188eb8cd4b179f1ff00c7cee7078c75c521a2cfd8148cabe47b54651a1ea3728e707b53bece3193314527902ac47885006cc89d31d715251505ee729f345bb8c9e714e84b8fe3dca78eb9e3fce6b4a4b6b4ba014928d8c918c66a94b612da891d30ca0718e6901623b93e590a38c7422ad42f05c025c056c735911de04f95d390013566328f9e48e0e69580bb25af9aeaf0bf41814f924b98e30a46e0a319f5aa9196003231f946722a58b5531948e61b81efe9458638bc1e746ae0ef27207a53a597c927f745a361ce0723d69b7b6ab712477119c38c1c54d93242564186c704500422dd6e61da27dd19e00f4a81edd6ccfcaa5b18ebcd5a86dd7863c1c751c668b89d0380065bbd202bc464392e0019e3155ee6e00206738344d231dca0e09e47b5409bcc8372839e4d31127da83c642a9183d2ab877ce3a0abe90a91bb6e38ed542f5d623853863d33dea90363b79e99007b8aeefc13245f632551772b637579a899f7e31d7d39af4bf0746469837039eb92319aa44b67631ccb8e48a7011487b7f2aa4946f208f7efe94c45c7b6527e56c7b531ed9c7a1fa5401c8ef53472484f073f5a008cdbcbc9c1233c0f4a3ecf21fe122aea16239fd0d3ff00879a00cefb3cdc71c7bd5e8c6100f414c92e163e3afd2982f57d0d005926a8dc952fc633dea6fb6467ae47e19a61f225e49e7f2a00aa4e0e79c5267dead7d995fee3e3ebcd30d9c80f5523b638a00838cf5fd68c818eb4f7b7641ca71ea39a8b0475523d28014e5f8da460f5ce2a4c8ff26a1c9ebd47a1e2a4f3d7d07e468101ce4e71f8527b8039eb484fce48cfbd1e60e4500387d3f0a923959391d2a20467bfd68279eff4140cb7f6c5cf20fe14f173191c9c5548e36719d8c067a9e294c24725867e940134922480e307b73595730c649c13ef56249044091597717a873f364fb520186d5013fbc61f4a724310f563ee7159f2debbe40c0f4c8a885c4a3abe7e94aec0e96db671d07b0ef5a9181c7038f6ae4acee66279638cf07a56ddbde49b3923da9a035c103b734d79481d322a9fdb781d07ae4d2a5f44dc174cf704d170166b925194120e3040e6b83d56d45ac98e30c7835dc49796c53385e38c8ef5c2eb53f9931273f2f403b52635b9892a6cc1079354ee2dfcd048fbc3ae3bd5999f383f95471f507ad03328a1070c001d299b3073f856fc9a72cb1961d7a8c5664b6cc990474f6a62653a949df0e07e34d208ce3ad227008fce81117423eb565d37ed3d9aabba77cd5cb5c3152e701392719a006191edf21495561838e33519b894f76200c8157936cd8f94924e0023a55f8ec94c2032e5b39638e94ae558e77ce790e7a11c962738abb6b712c7f3b39da3a1619cd687f66a67eef7c648eb51cd66e80b60903a67b5170d8bb0dc13b0108d239c96f41dab4233f21464c64fe15ca477125bdc873f714e4023ad6c5beb4b320dc30589da01ed4985cb371a6c5312e06d603b77aa26131c87823b62afc531fbfdb3c8a2e76b0575efcd21996eef13965e84608f5ab1246b346ae383b7914b2c44b7e151c6ed14e8ae084638cfa501634ed7f7b047dc301cfa55892dc247bd8f18aa16692db46eb9ddb49207ad59bab8cda9da7b6714010cf7230857a6791550b80ff53519cb9561d31d29d8e9ed400c20bb93efcd4d1a28c1c5341e0fa8ea3d6ab5ccdb3942704f201a681e868c932818079232307ad675c42b2a12dc8073d39145aacb23e4fdd3ce48a96e25f27181cfa8a761329436ea922e01209ea39af4ff000fc262b08c76c715e6914b2cb20098cb1ea057a968a1bfb362ddf7b6f3ef544b3432063de8c1edd2970d8e578a43c7419a002a7b6001c6efc2a0eb8e326a7b78db39c605005d141fba71d714006a2964544393824714014a4c82411c838a6938a0e739272690ba8ea466800c8a5c9a6f3ed4b8a005de47ad392e1d31824feb5192381cfe1cd3460f4dd9a00b62f4e7057f5a93ce8a4fbc3f022b3c601cfcd9fad3f71ff26802e9b7864e4000fa838cd49f648fd5bf3acc0ec3391839e30d53f98fea7f3a00aae793f30a503d5b23b718a0265cedea7a77cd5bb7b627e67c8c1e074a008638d9cf03a1efc55a86df61dcd8e9c0a9f81d71ed51cb32c6324d201e6a95d4cb1024b0181d3d6ab5d6aac84f97823b0e9593737925c659cfe1e94300bebf693223e9d093592f236792493e95624dc7d2a174ea78a0088927ad20dc09e47e7410dd88a8b04673b73eb4016a3b86888c60fa55c4d55913a1c8f4acba4cec1ed401a2fab48f9e833ebcd577bc693a9c7d2aabba819c9a03af726802e5accef3c6992549c62ac6a7a389773291bbde934ab7539b83f750e07b9ab9753284249ed9249a43471973a6dc44e721481d31cd57f2d9319047d6b784df69988504aa9c9622a1b98d78ce304e3a5219159466480e3d699359990728413c0a5de2dd368e84e454915c9693249ce319aa1330ee2c5909f979e9d2a9496cf1f5538aeba4c1192a393cf1d6a378e2c12e9c11d68038e9108e3a7d6a7b64de8c07a55ad5922c7eec6303afad53b276c8cfdd0727df1401a2970b6dc9608ddb8cd568ee5e598932328ce4e79c546877c9e64837b9390a6aca157703cada339620f5a561a2d47752970410ca38191d2b56178ee230081bcf18eb5852936f92118e4f4157ac6e55002caa871c2fa9a4c647a969c01202fcbedd8d6388b649ba324853d2ba296e1a48e35232402493dcd6448023918c16240229a1120959012873820807bfad685bcab2e083c63041ed58f6f21901c637af55f5ab709689d645198d8608cfdda96346a98c13d39c629b25aac919523b647b53e171292c3bf247a54fd00352515b26300b75239aab70e7803a1e6ac4b9ce0f6e951805f1c64679cd31588618b8fd69f346130c3a9aba9100323ffd550cc81d08ee39140ccc79b05971c8a81c82771efce2a729be763db6e29a225087710055a205b7be2998f6e09e54fad41705a6fb8a70c79f6a91f6e06c193d41a7703e62dd46702980cd36de77bc8f68dd861907b57b3d8c4896d1a85030076af3af075ab5eea01bcb3e547c96c57a6c6150002844b14a29182062a1796343c2834b71311f2af71c9355091d38a6059f3a2e7e5208a912e5360ea2b3b037e36f5ef4a0fb91ec7bd00690b943df1ec6a3922597a37e079aa99079e28f3187231ed8a0098d9b67e56e2a1314a8e4346dc77eb9a51712e7961b71d31d2a54ba231904fad0045b5bd0d211f5aba97519e0f1e94ae914d82c01c743d2802874ef47271cfe22aefd8e2c923201ec4d446c98670c5beb408a81db90d8047e39a783c679fc06695e165272a41f5c75a61e3047047b500388c8e47e99a5f2c7f915119547dee33c0353657fbcd40178a287240c5412dd04380189fa54be7293c1e7d29b2461f390a477cd2199f2decbce3f4ed59d7172fd7249279c9ad39acd09cf23db359f73660f4e4fa500673cac49e6a3e7df9a9a6b678b27076fb738a8791d0827eb4ae0050d30ae7229dce39a434c084c407ff5aa22a093d7f2ab381eb51ba50056391c014c39ee2ac18c7ad446239ea4fe9401175ea3f2a5eb8cf6a73a1fa5308c77a00d486f16df4c09191bcb1ce7b561dc5ecb34ceacc76a9e17d6a4976b82bb88f5c1c55616fe8dc7bd2652763622096d648b91bdb927d6a85e4aa832c7e506a39126280060481c127a55696ce5986d9241eea2900cb9b805100e589a7c2ed81d3347d8bcb038e9c6450408d7ad3b8167ed381f37269a6e4b820600aa521cf434cc91dcd3b8892e6de3b84018648e98e2b38d9bc484f03a923fc2b46393e700f4cf3525d6d906e0a0e3a0a4c0cdb7b724976c0e3031d8530dcb0380bb501efdeac3c8c72a919040c12454315ab484990e028c01eb45c689edefd659089b000ee46315313048e0ab753802ab8b55073b32074148e1a205b663b014865cfb522210a4139279a8a578a540c4726a80cbc8e7fbaa7b5310390073c55098c28d6d7e57aab36e523bd6cc49bc120633c9aa423f3b008cb2f39ad4887c838e71f9d431a25b6050e4d5c2011548390715662938a45114a997029f1c4052b0c9cd3d0714800fc833e82b32f6e473b7826aedcbb843b41c01927d2b9bb89a49a4c283807009a6909b269af56207b922a99bcdf0f24f3cd4d1e9ad2b82cfc6726ac9d362441bba55dd08a29348400064018f4cff00f5ea642f8dd31381d08e2adc50c71263008e952d95afdb2f6346c852c148f5a2e07a278274d6b3d0d2573f3dc1f308c631e95d1d456b6e2dad62857eea281d2a439f4c629a20ad7380f9f515533cf4393df1562e655c11bb07d40ce2ab641e32723a906980ecf53dfd282e3008c8a4f33391dc7714dca8cf5c0f6a04281c939639ec4f4a5c8eddaa3cf75049071c8c66972c3aa28f706801fbfb1a09f7eb4c3bcc8405057192738c7e14d3bbd4023d4500481faf7dbc1c76a709482393ed8a81cb6063e563c642e45499ede9d0e2802d0ba718c9fc3ad4b1de8279185acfce41fbc3b5350907fd6b38f7c7140cd81731907e6e3b67bd3764327242e7d8e2b25e460e36aab2e39c9c1a7198019f438200ce2802f9b2889f91b6fb75a93ec2ff00f3d13f2ace175220380c7d80a7fdba7ff9e6ff00a7f8d0021241239a9126d993d4918e7b544fd4fafbd44ee7b66802ef9a1c672a7e95565249cf4aa8f311f77191dfd29a2e4c9f7dc0f4cd4b01e475f4aaf2dbabf2383ec2acf1ea3f3a69140192e8c39c1f6f7a8df773c115ae517904673eb55a5b727ee9c53033ba605049f4ab26d64c12467f1a81d181191c668b80cc13ce29a770a94861d7bf4a044cfd14f3d0e3a530203f4a61453ed56becac7d49ed8ef4d4b660403130cf560738a57029490e7a734d8edd493bb3c7602b645ba800ecfc4d23429ce17f2e295c0ce78d42f4181509da78502adbc4d82482003c66a84d2842401cd2288e524023354a42bd39a96590b9e6a0d8013fd680631f23247eb516f63d401f439a90e0939ebd29bc6714c433cc23a52876cfa9f434138e94dcb6680279565784496cc320f2b54fcdb98f0ae0971f78f502aedbcbb0918032293f764e1645539e41e73498d114775b9c070467a7b568c7e44a3939006391508b68cf520b6727dea5862540f90318e3de90c025bc87f771eecf7c538dbc6070807a8a7c7b40c28031d7b629049e64ce98f9400437ad004496ca242c070d562144cf278e99a8a57032aa3ad561232391b9b239e46335495c4d9be96f0381caee3d0e694e9dfdc39ed59b6d74f0904063dcf7adeb5bd1281f2fb71cd1615d95934a91c804e3d6addb689e64803b1d8393ef5a1149e61c6c6181d4739a964956de3127cc40eb819a7641762cda241258496f1aaab30c6ec6715e7d7b629657524270423601c6335e9f6b2f98a4720e3392319ae0fc6f6728d643467e56504e06293408c8c88c70293cc57041fc2990f9a99dc33ce69efb482194afb8a92869c63e519f63deb6bc1f6ed73ac0665cc718dc4138ac5c04438393ed5d778310c30497122e2490ed53e83ffaf4d03d8edd338c74f707351dc4ad1a123278e48a885e29fe1c1a952657f9770fa1e2a8833b0bcedc60fa71471ce140f5ad130c527f0afd471508b086391e41bf730e72d9c7e14c0a833dba77a3918ce38fc2a6fb2b248479c083c8cae2836af1ff000823db9a0441bcf4247b0a6973c818f7269cfb90e0a9c9f6a80bb19882adb3fbc0e3340c9b208cf0081c91cd00eec7ca71fde2315097099c038079dc7355df518042ccb3a6c071b81dc01f438a00b2f23647c8783ce4e314658838c0fd6a2f35be5cff0010c9c0c8a03cb820b2939e0a8c50058cb6c18ebefd2938fa1c60e066a0fb43a000c13b9c72ca334a99970c5268f1c60e050049f300373e48eb818cd01f8fbd9ee0d2794cec490c41e3048a625b344e0429024479619e68012e259047ba1c13f5aa7f68bdff0022aebc3f3866b92a3a95001cff00852f9517fcfd50058243f2037e23068c1f4a53d4f146fc6011edeb8a00864895c636f355a4b6600f4c7e5572490260332afd475a50eb20057041e8450066794cae18374e400339a71b9c70719ab7220039271f4aab2264fcac318e7239a96002e50fad4b9c8040183553636e0b81f31ebd6ae2461102e7a5003714dd8be83f2a79228cf19c8a0088c6a71c7d38a31d8f4a49ae04780304f719a81ef7a80a3f3a009f0071fca8e2a97dadb38c0cd3bed87bae295868b64efeb4d29d4fe58a805d03edef520b853dc63be6802a5d44f93f3120f4acc96d8824d6f9dafd08351bc4a739519fa508472f242c324722abbc6dd338ae9a6b257276e071cd50b8b14c77c8a0663140bf5ef513806adcb6ec0902a02817208e68021c0a61dc2a5e4d214e47bd5086893d5739a75e5833859a118751c8a070e08ea0fa56844e6546ce38f4a4f41a336dae8460f9c086f5ff003deada5e46432ae70a327de9b35b2c9f290300e454696c611c1c9ce4fb9a92916525694b632109047bd4f1e02151d7a1aad1198f1801791cd598f09c9c6f2074ef400cb98fcb41804e0552f331fdec66af5f391b7079c71547cde0ee38e33c5691d887b8ede38f9981fcab42c6670c0063d7b9ace12a77c119a789a31ca92083d2981dc69a5ae146f049078c1cd6dc512212093ec0f6ae274dbc198d8c87703c10718ae821d6e2c00f32f23bf38a57036f672307bf735c8f8c837daa07230a5700d6b49aac5bc0698024800938ae63c5179e75cc2c18b055c1cf6a97b0d6e649760091cd349623381f434df386334c7761ca9e08a92c7c28738db802bb0f0f92960ac8aac0920f38ae362b867254fcbeb9ae8f49bc92df4dfdda17da7ee8e734d12cea8938e7d7f2a8fe604152df9f5ae4dfc49707223b6ba6753c8488b63fcf4c54f1eafa9dda3fd974ebc249c60c7b71f89aa24ea52671ce4f5ef538bcd80e5863a727a5718fff000944bf734d754efbe5506a092c3c512b9fdcc2aac31fbc9738fca8b858ee9af97032573d9b350bde3f0cb74bb7dc035c6c7e1ef124c0892f2d61c1cf04b67f4ab16fe13d6870dab43b4740232714ae3b1d53dfa81b1e54e4e0d537bdb58f24ca338e0139cd62c9e08bb989f3b5b940272424407f5a78f87f14841b8d5afe46ef8dab9a2e16344eab6d8ce7a0cf35464f12e9f6c48cc4a0f5e40a922f01e9d1eedd73a848186d2a67c647a715227803c3c98ff4056c1cfceecd9fd68b858ce7f19d98724329006460e690f8dacc00c245f98f200ce2b663f07e8b110574e806391f2e7f9d5b8f45b088e52ce053dc88c0a2e3b1cd1f1bdbe0ed0cecbfc28a49355c78caee424476377213d0088f35da7d9624e55147d0629c2351d295c2c71d1ea7e21bac84d22ed43700b90a3f5ef43d878aa6e7c88108e80ce0e6bb44f4a7f145c2c70bff0008e78aa6186b9b1887519766c7e429ff00f089789bfe82b67ff7cbd76f9a9334058a4f8c81b867dfbd1909c12013c019c669af2463965cf3c719a092fc82011d322ac91f81dff5a4054e00619c70334c32b0c662663dc8c54d0cca99cc2339c648eb400e16ace013c0a78b2500b310cddb2318a79ba18e01fc78a89ef5790bc9fa520192c3eb8fcaa9480c649240153cd7ad93803f1acbb89da4272c71e9400e96e4630a7f2aab25c31e3351976cf005193edf950313cc57cfdee3be3ad349ff0038a773f85250030839cf1f9d193d3047d698658c1c175ce3d714c79a2dbcc8b8ebd680b136fc527986aa3dd2a0562c36b02410339ed40bd889c02d9c67a5202e8948cf247d2acfdad31c839f6acdf3b3d2363f4a4f365e76c24fb938a1d82c5b96f06ef954fe355e5b93b38150c86e7f86351f5e6ab4bf69ff00641fa52d063a49b20e5467155a48d49270727de8315c9eae3f2a885bce5ce64e3da985863854fcea22ea39245587d39a41ccad9f4aab2699fde6634ae160f393b11f9d5fb175923650472339cd65fd813dff003ad0b18d620768c0c60fbd0d8243a493cb24940d8381838a4f394272ad9ebeb4c9e61921802074aacf2293d1949e0907348658372ceff29200e00e952c6fd72727b66b384c809e7a1c0cf7a9524577560c3d866801fa9cce08daa482323159a24b87e91b56c4855d00e0e38a6244a39aa4c5632b1747f840cfa9a7c70dd1e0b015abe52d4b1c6a3b5170b14adb4eb9b87506e447db2066b762f093dc201fda4ca587385ffebd554da0d5cb6be92dc8dac71e99a02c5a8bc0b0b81f68d42ee4c00b8040ac9f14d8a68b3dbc10bb32347b897393d6b7e2f103464065c8f5ac0f174c2fe782756cfcb820f6a40628997d68339e99033dea93c847a70714cdece871d451619a3149e64c0601e7924e2baff0fcd15aca5f86e00201e95c56945aeae5628fef11dfb576d65a235b4b0dc2b0db902500751ffd6a2cc0ec2da48ee13319c03d7b1a9ca607ad51111b39d369f95ce3eb57feb5440ce2a290648c0a94914d38a4c68840e3a53d053a8a450b814a463a5266949a621b452734cc8a431fc527346690934001a67146739cd271400a47a5377fbd2934ce280240fef52e6ab71eb4fc1a00ca92fed2d86e699704e0316ce6a17f10e9e991e72b11c9da09c55d1e1bd3233fea32474f988fe5538d2ac07fcba4471c8c8cd1762b1947c4769c6d2ed90482109cd463c4b6c481e5cbb9812014c56dfd8e1ed0a01d30140a70b54c6022a8f6145d858c297c41c7c904847d29a357b83c47633104e4b6315d1c76883a0fcc74a93c95ee68d4343947b9d4a51c5aedc9fe2355c8d48f0c221f415d54d12f61cd5296127a0ebeb46a16460f957e783247cfa2f4a4fb35ce0879cfb103a56c79406738cd37c9538346a331cd93927323927b934dfecc524166627181935b9e49ec38ef4d3181e83d7146a062bd82838f2d5c6304918a3ec31e0830ae1860e075ad731fa818a8c818e31480a1158a800150028c051cd594b5518f947e552ef03eb4649a02c0225e840a0a281c014734d77c6280078c73c0aab2c43d2ac7986a290e680293a63a8a61407ebeb53ca39fad4473400810524918229d4873f877a00a324401a923b7748cb633c6702964424838ae874c8525b007009390734ed7038e8b1793322677038c53b51d26e6de1327964a019cd74da2e811595d4d2b7cd231c8cf6ad7ba8164b6913039520023da8b05cf261207f987f3e95224c4115d9c7e18b586c2388c60b851963d49ae3f58b1974ed4121c1d8e70a7d68117619329c1a9b79aa918319033daa7439a06584909a9039a81062a54cd2025c9c8a7826a2e9ce29e0e6980a4e3bd675fcace840e839abee78aa170849e2803203a9cd5a88700e38ee6926b11273cab7a8a548e68e131e4329eb8e29dc0d7d02d562d49e4046d603007635dcd9de449222965c9e369ef5e5b6f79796b306446f94f1ef5706ab792dcacfb595d7803d290ac7af4aeb2796a0e70c08a9a44cf3dfb5731e1c9af6e64135d232c4a9c1e9935d364d3b8ac372693ad29c53739e3bd21a0cff8519f4a0d20a062e71d697208a8dfb7d6803d2801f9ec0f34c7f734ede4373d29af8c1c0fa1a006d19e69a5f9e4f3466801d4a10601a44e7fc0f1528391c714010ba31e0629046dd31fad4e49039c67d699bfae47e22811198dbbd3f0d4fde38a972b400d29cf7a54419c00335395193de940c53b05c608411cd1e5a8e2a5df4ce72493d462988779629a507714ede28cfb5022bc918f41f95539475fe95a0fcd579001cd2b0ee664918c8e31ea69b852401f99a966c927b543d320632698c1ce015fd6a17e9c75a572077cd405b9e7f0a918d7dc3b8e9cfb5444fbd4b8273c71dc9a612a0fbd201851bf5eb464a1c67a5297f4e33411c64f5ef40c37efce2998c76fa9a3eee793cf5e28c93d0d003093e94879ebc529623ae29a4d0045202471501ab47df3503af5fd28111ff10a5238a00c91fa538fa500352357f94d69e9d2fd951d5b3b09c8c76ace4e2ac24a40e0f6a02c6b5b5f412bb94914b6704669f25c0e831cf15cf18e39260c06c72321978a4992ed114a4c4ed20f3cd3b858dbb995631c9f6ae57c490a5ccd652775971c7b8fff00555bbdbcb9932aaa32c2b26e2d6eae1d1a47e6321971da8b858a05f2e40ec707daac42a4f38ab31d92a649192c724d4f0c207f850c08a38f2791c54a2320e2a708050e31c8a008fcaa40367153526cf5e450042f8a89e30fcd5978bb8e9e951918a0083c906ad59e9ab33804714b0c464207ad6fe99662203233ef4806c5e17b07fbeae73e8d8ab70f85ac22704073839009cd6a246a08e38152820f4a043932028eca3030318a9013eb51f1c5282298c94934d241ce7341fe74cfe54001723b6453bd3d69c02f7a5217b1a008ff001a323900f205049c608edd6a3e411dc76a007e73d451d8d203d29c411d3f4ef4011b8cf3d0e314d15290a460f4a8c8098e7e5f5f4a018a6423a0cfa8a70e73cfe151480f054e31cd024c63ae690ae4808e87f0ef4f120e98fe951460f9858ede471ed5270473eb4c0971ed5262ab79807ff5e9ff00685fefafe74017ca0ddf8526c1eb4515448d34a1073451400a500c520414514008e83155a44f7345140146e5071f5aa8e368e28a2a59440e8319a368d828a290c8d97af26a1237039a28a0058e20eeaa7a1a76c18fc28a280185074ed4c6418345140c1220c7273c53ca8da3e94514010b26e3c935148a39a28a0441b4534fafb51450085238069d11ebf5a28a018fda326a6d83cb3ec28a28020318df4d78d7d28a2802b4918e69aaa001f4a28a603c28c8a5751451400d2a334014514900d71cfd28da188cd145004f6ea3cc5ae8acd4617e9451480d5440c9cd2ac6064f34514c42814eda319a28a630028dbf3e3268a28025450dd69368c9a28a001a306a131e1c8c9c0a28a0007f3a7ec1ef451400d239a6c8a361fa5145260468bb87534d6897a8c829d0834514098b03970d9f6a9820e7de8a2818eda3147949fdc5fca8a29891ffd9, 6),
(5, 'Digital Privacy in the Modern Age', 'A closer look at how your data is handled online.', 2, 1, 1, '2024-12-05 21:20:00', '2024-12-05 21:25:00', NULL, 3),
(6, 'Mental Health in the Digital Age', 'How social media and technology impact mental well-being.', 2, 1, 0, '2024-12-06 09:30:00', '2024-12-06 10:00:00', NULL, 4),
(7, 'Inside the World of eSports', 'The growth and monetization of competitive gaming.', 3, 0, 1, '2024-12-07 18:00:00', '2024-12-07 18:30:00', NULL, 7),
(8, 'Space Tourism: Hype or Reality?', 'Will commercial space travel be accessible in our lifetime?', 1, 1, 1, '2024-12-08 12:00:00', '2024-12-08 14:15:00', NULL, 3),
(9, 'Urban Farming: Growing Greens in Cities', 'A closer look at sustainability and city agriculture.', 4, 1, 0, '2024-12-09 08:45:00', '2024-12-09 09:15:00', NULL, 5),
(10, 'Understanding Blockchain Beyond Bitcoin', 'Exploring blockchain uses across industries.', 2, 0, 0, '2024-12-10 16:20:00', '2024-12-10 16:50:00', NULL, 3),
(11, 'Reviving Indigenous Languages Through Tech', 'How apps and AI are preserving endangered languages.', 3, 1, 1, '2024-12-11 10:10:00', '2024-12-11 11:40:00', NULL, 6),
(12, 'The Gig Economy: Pros and Pitfalls', 'Exploring life as a freelancer in a digital age.', 1, 0, 1, '2024-12-12 17:30:00', '2024-12-12 18:00:00', NULL, 2),
(13, 'Cybersecurity Trends for 2025', 'The latest in protecting data and digital identities.', 4, 1, 1, '2024-12-13 14:45:00', '2024-12-13 15:00:00', NULL, 3),
(14, 'Smart Homes: Are We There Yet?', 'A critical look at smart home tech adoption.', 3, 0, 0, '2024-12-14 11:20:00', '2024-12-14 11:40:00', NULL, 3),
(15, 'The Rise of EdTech Startups', 'How technology is reshaping education globally.', 2, 1, 1, '2024-12-15 13:30:00', '2024-12-15 13:45:00', NULL, 6);


-- --------------------------------------------------------

--
-- Table structure for table `comments`
--

CREATE TABLE `comments` (
  `id` int(11) NOT NULL,
  `article_id` int(11) DEFAULT NULL,
  `user_id` int(11) DEFAULT NULL,
  `content` text NOT NULL,
  `is_approved` tinyint(1) DEFAULT 0,
  `created_at` timestamp NOT NULL DEFAULT current_timestamp()
) ENGINE=InnoDB DEFAULT CHARSET=utf8mb4 COLLATE=utf8mb4_general_ci;

-- --------------------------------------------------------

--
-- Table structure for table `moderation`
--

CREATE TABLE `moderation` (
  `id` int(11) NOT NULL,
  `article_id` int(11) DEFAULT NULL,
  `editor_id` int(11) DEFAULT NULL,
  `status` enum('approved','rejected','pending') DEFAULT 'pending',
  `moderated_at` timestamp NOT NULL DEFAULT current_timestamp()
) ENGINE=InnoDB DEFAULT CHARSET=utf8mb4 COLLATE=utf8mb4_general_ci;

-- --------------------------------------------------------

--
-- Table structure for table `roles`
--

CREATE TABLE `roles` (
  `id` int(11) NOT NULL,
  `name` varchar(50) NOT NULL
) ENGINE=InnoDB DEFAULT CHARSET=utf8mb4 COLLATE=utf8mb4_general_ci;

--
-- Dumping data for table `roles`
--

INSERT INTO `roles` (`id`, `name`) VALUES
(10, 'Admin'),
(1, 'Author'),
(2, 'Editor'),
(3, 'User');

-- --------------------------------------------------------

--
-- Table structure for table `tags`
--

CREATE TABLE `tags` (
  `tag_name` varchar(255) NOT NULL,
  `tag_id` int(11) NOT NULL
) ENGINE=InnoDB DEFAULT CHARSET=utf8mb4 COLLATE=utf8mb4_general_ci;

--
-- Dumping data for table `tags`
--

INSERT INTO `tags` (`tag_name`, `tag_id`) VALUES
('Politics', 1),
('Economy', 2),
('Technology', 3),
('Health', 4),
('Environment', 5),
('Education', 6),
('Sports', 7),
('Entertainment', 8);

-- --------------------------------------------------------

--
-- Table structure for table `users`
--

CREATE TABLE `users` (
  `id` int(11) NOT NULL,
  `username` varchar(50) NOT NULL,
  `email` varchar(100) NOT NULL,
  `password` varchar(255) NOT NULL,
  `role_id` int(11) DEFAULT NULL,
  `created_at` timestamp NOT NULL DEFAULT current_timestamp()
) ENGINE=InnoDB DEFAULT CHARSET=utf8mb4 COLLATE=utf8mb4_general_ci;

--
-- Dumping data for table `users`
--

INSERT INTO `users` (`id`, `username`, `email`, `password`, `role_id`, `created_at`) VALUES
(1, 'JohnWriter', 'john@example.com', 'test1', 1, '2025-05-08 19:51:14'),
(2, 'JaneEditor', 'jane@example.com', 'test2', 2, '2025-05-08 19:51:15'),
(3, 'MichaelReader', 'mike@example.com', 'test3', 3, '2025-05-09 05:21:15'),
(4, 'AdminUser', 'admin@example.com', 'adminpass', 10, '2025-05-18 16:32:25');

--
-- Indexes for dumped tables
--

--
-- Indexes for table `articles`
--
ALTER TABLE `articles`
  ADD PRIMARY KEY (`id`),
  ADD KEY `author_id` (`author_id`);

--
-- Indexes for table `comments`
--
ALTER TABLE `comments`
  ADD PRIMARY KEY (`id`),
  ADD KEY `article_id` (`article_id`),
  ADD KEY `user_id` (`user_id`);

--
-- Indexes for table `moderation`
--
ALTER TABLE `moderation`
  ADD PRIMARY KEY (`id`),
  ADD KEY `article_id` (`article_id`),
  ADD KEY `editor_id` (`editor_id`);

--
-- Indexes for table `roles`
--
ALTER TABLE `roles`
  ADD PRIMARY KEY (`id`),
  ADD UNIQUE KEY `name` (`name`);

--
-- Indexes for table `tags`
--
ALTER TABLE `tags`
  ADD PRIMARY KEY (`tag_id`),
  ADD KEY `tag_id` (`tag_id`);

--
-- Indexes for table `users`
--
ALTER TABLE `users`
  ADD PRIMARY KEY (`id`),
  ADD UNIQUE KEY `username` (`username`),
  ADD UNIQUE KEY `email` (`email`),
  ADD KEY `role_id` (`role_id`);

--
-- AUTO_INCREMENT for dumped tables
--

--
-- AUTO_INCREMENT for table `articles`
--
ALTER TABLE `articles`
  MODIFY `id` int(11) NOT NULL AUTO_INCREMENT, AUTO_INCREMENT=7;

--
-- AUTO_INCREMENT for table `comments`
--
ALTER TABLE `comments`
  MODIFY `id` int(11) NOT NULL AUTO_INCREMENT;

--
-- AUTO_INCREMENT for table `moderation`
--
ALTER TABLE `moderation`
  MODIFY `id` int(11) NOT NULL AUTO_INCREMENT;

--
-- AUTO_INCREMENT for table `roles`
--
ALTER TABLE `roles`
  MODIFY `id` int(11) NOT NULL AUTO_INCREMENT, AUTO_INCREMENT=11;

--
-- AUTO_INCREMENT for table `tags`
--
ALTER TABLE `tags`
  MODIFY `tag_id` int(11) NOT NULL AUTO_INCREMENT, AUTO_INCREMENT=9;

--
-- AUTO_INCREMENT for table `users`
--
ALTER TABLE `users`
  MODIFY `id` int(11) NOT NULL AUTO_INCREMENT, AUTO_INCREMENT=7;

--
-- Constraints for dumped tables
--

--
-- Constraints for table `articles`
--
ALTER TABLE `articles`
  ADD CONSTRAINT `articles_ibfk_1` FOREIGN KEY (`author_id`) REFERENCES `users` (`id`);
COMMIT;

/*!40101 SET CHARACTER_SET_CLIENT=@OLD_CHARACTER_SET_CLIENT */;
/*!40101 SET CHARACTER_SET_RESULTS=@OLD_CHARACTER_SET_RESULTS */;
/*!40101 SET COLLATION_CONNECTION=@OLD_COLLATION_CONNECTION */;
